000000000000000000000000000000,000000000000000000000000000001,textures/pulse/blackwall
000000000000000000000000100000,000000000000000000000000000001,textures/pulse/light_base_common
000000000000000000110010100000,000000000000000000000000000001,textures/common/caulk
000000000000000000000000000000,000000000000000000000000000001,textures/pulse/base_wall
000000000000000000000000000000,000000000000000000000000000001,textures/pulse/e8clangfloor
000000000000000000000000000000,000000000000000000000000000001,textures/pulse/e6simpwallsupp_pow
000000000000000000000000000000,000000000000000000000000000001,noshader
000000000000000000000000000000,000000000000000000000000000001,textures/pulse/e8cretefloor01c
000000000000000000000000000000,000000000000000000000000000001,textures/pulse/achtung_clang_128
000000000000000000000000000000,000000000000000000000000000001,textures/pulse/base_v_ridged
000000000000000000000000000000,000000000000000000000000000001,textures/pulse/base_yellow
000000000000000000000000100000,000000000000000000000000000001,textures/pulse/light_base_common_low
000000000000000000000000000000,000000000000000000000000000001,textures/pulse/e8beam01b
000000000000000000000000000000,000000000000000000000000000001,textures/pulse/base_floor
000000000000000000000000100000,000000000000000000000000000001,textures/pulse/light_base_red
000000000000000000000000000000,000000000000000000000000000001,textures/pulse/ecrate_drty
000000000000000000000000100000,000000000000000000000000000001,textures/pulse/light_base_common_style2
000000000000000000000000000000,000000000000000000000000000001,textures/pulse/e6basegrt_smll
000000000000000000110000000000,100000000000000000000000010000,textures/pulse/pipe_slime_s
000000000000100000110000010100,000000000000000000000000000001,textures/pulse/sky
000000000000000000000000100000,000000000000000000000000000001,textures/pulse/light_base_common_style3
000000000000000000000010000000,000000000000000000000000000001,textures/common/trigger
000000000000000000000000000000,000000000000000000000000000001,textures/pulse/flat_dk
000000000000000000000000000000,000000000000000000000000000001,textures/pulse/e8crete03
000000000000000000110000100000,000000000000000000000000000001,textures/pulse/lcd_display
000000000000000000000000000000,000000000000000000000000000001,textures/pulse/e6simpwallsupp
000000000000000000000000000000,000000000000000000000000000001,textures/pulse/floor_trim
000000000000000000000000000000,000000000000000000000000000001,textures/pulse/red16x16
000000000000000000000000100000,000000000000000000000000000001,textures/pulse/controlpanel2
000000000000000000000000000000,000000000000000000000000000001,textures/pulse/rock_steep
000000000001000000000000000000,000000000000000000000000000001,textures/pulse/rock_floor
000000000000001000000000000000,100000000000000000000000000001,textures/pulse/plexiglass
000000000000010001000000100000,100000000000000000000000000001,textures/pulse/e8bgrate01_s
000000000000000000000010000000,000000000000010000000000000000,textures/common/full_clip
000000000000000000000000100000,000000000000000000000000000001,textures/pulse/light_base_yellow
000000000000000000000000000000,000000000000000000000000000001,textures/pulse/rmetal1b
000000000000000000000000000000,000000000000000000000000000001,textures/pulse/rmetal2b_pow
000000000000000000000000000000,000000000000000000000000000001,textures/pulse/bnw
000000000000000000000000000000,000000000000000000000000000001,textures/pulse/evil8_trim_e8support05
000000000000000000000000000000,000000000000000000000000000001,textures/pulse/evil4_metals_defaultmetal
000000000000000000000000000000,000000000000000000000000000001,textures/atcs/eq2_stepside_01
000000000000100000110000010000,000000000000000000000000000001,textures/pulse/rock_pit
000000000000000000000000000000,000000000000000000000000000001,textures/pulse/barrel_rst_top
000000000000000000000000000000,000000000000000000000000000001,textures/pulse/base_flat_dark
000000000000000000000000000000,000000000000000000000000000001,textures/pulse/e8cretesmlltrim
000000000000000000000000000000,000000000000000000000000000001,textures/pulse/floor1_l1_2a
000000000000000100000000010000,000000000000000000000000000000,textures/pulse/moon
000000000000000000000000000000,000000000000000000000000000001,textures/pulse/grt_offmtl
000000000000000100110010100000,100000000000000000000000000000,textures/common/nodraw
000000000000000000110000100000,000000000000000000000000000001,textures/pulse/pulse_signs
000000000000000000000000000000,000000000000000000000000000001,textures/pulse/pallette_top
000000000000000000000000000000,000000000000000000000000000001,textures/pulse/e6simpwallsupp_full_pow
000000000000000000000000000000,000000000000000000000000000001,textures/pulse/rock_dark
000000000000000000000000000000,000000000000000000000000000001,textures/pulse/evil4_metals_trim_wrnrivets
000000000000000000110000100000,000000000000000000000000000001,textures/pulse/black
000000000000000000000000000000,000000000000000000000000000001,textures/pulse/panel2
000000000000000000000000000000,000000000000000000000000000001,textures/pulse/panel5
000000000000000000000000000000,000000000000000000000000000001,textures/pulse/panel1
000000000000000000000000000000,000000000000000000000000000001,textures/pulse/e8_base1b
000000000000000100110010110000,100000000000010000000000000000,textures/common/clip
000000000000000000110000000000,000000000000010000000000000000,textures/pulse/mirror_classic
000000000000000000000000100000,000000000000000000000000000001,textures/pulse/light_base_green
000000000000000000000000000000,000000000000000000000000000001,textures/pulse/metal-red
000000000000000000000000000000,000000000000000000000000000001,textures/pulse/e8base_red
000000000000000000000000000000,000000000000000000000000000001,textures/pulse/bdirt
000000000000000000000000000000,000000000000000000000000000001,textures/pulse/holo_base
000000000000000000000000000000,000000000000000000000000000001,textures/pulse/stannum_walkplate1plain
000000000000000000000000000000,000000000000000000000000000001,textures/pulse/evil6_trims_e6basegrate
000000000000000000000000000000,000000000000000000000000000001,textures/pulse/e8base_blue
000000000000000000000000000000,000000000000000000000000000001,textures/pulse/ecrate_drty-fmtl
000000000000000000000000000000,000000000000000000000000000001,textures/pulse/dark_metal
000000000000000000000000000000,000000000000000000000000000001,textures/pulse/multipanels
000000000000000000000000000000,000000000000000000000000000001,textures/pulse/runner_128
000000000000000000000000000000,000000000000000000000000000001,textures/pulse/stannum_wall010_1
000000000000000000000000000000,000000000000000000000000000001,textures/pulse/metal_panels
000000000000000000000000000000,000000000000000000000000000001,textures/tremor/locker
000000000000000000000000000000,000000000000000000000000000001,textures/pulse/e6trim_ltb
000000000000000000000000100000,000000000000000000000000000001,textures/pulse/e6v_light_s_7500
000000000000000000000000000000,000000000000000000000000000001,textures/pulse/pallette_side
000000000000000000000000000000,000000000000000000000000000001,textures/pulse/palette_front
000000000000000000000000000000,000000000000000000000000000001,textures/pulse/ecrate_drty-fmtl3
000000000000000000000000000000,000000000000000000000000000001,textures/pulse/crate_256
000000000000000000000000000000,000000000000000000000000000001,textures/pulse/tech_256_1
000000000000000000000000000000,000000000000000000000000000001,textures/displays/planet_dis
000000000000000100110010111000,100000000000010000000000000000,textures/pulse/ladder
000000000000000000110000100000,100000000000000000000000000001,textures/pulse/monitor
000000000000000101110010110000,100000000000010000000000000000,textures/common/metalclip
000000000000000100000000000000,100000000000000000000001100000,textures/pulse/water
000000000000010101000000100000,100000000000000000000000000000,textures/pulse/e3grate_transt2
000000000000000100000000000000,100000000000000000000001000000,textures/pulse/pit_fog
000000000000000100110010000000,000000000000000000000000000000,textures/common/nodrawnonsolid
000000000000000000110000110000,100000000000000000000000000001,textures/pulse/title
000000000000000100110010100000,110000000000001000000000000000,textures/common/areaportal
000000000000000000110000100000,100000000000000000000000000001,textures/pulse/red_signal
000000000000000000000000000000,100000000000000000000000000001,textures/pulse/platform_signal
000000000000000000000000000000,000000000000000000000000000001,textures/pulse/transparent
000000000000000000110000100000,100000000000000000000000000001,textures/pulse/electro_blind
000000000000000100000110010000,110000000000000000000000000000,textures/common/hint
000000000000000000000000000000,000000000000000000000000000001,textures/pulse/001metal
000000000000000000000000000000,000000000000000000000000000001,textures/pulse/camera_cone
000000000000000000000000000000,000000000000000000000000000001,textures/pulse/e8metal03b
000000000000000000000000000000,000000000000000000000000000001,textures/pulse/p_01
000000000000000000000000000000,000000000000000000000000000001,textures/pulse/barrel_rst_sign3
000000000000000000000000000000,000000000000000000000000000001,textures/pulse/env/pulse_lf
000000000000000000000000000000,000000000000000000000000000001,textures/pulse/env/pulse_rt
000000000000000000000000000000,000000000000000000000000000001,textures/pulse/env/pulse_ft
000000000000000000000000000000,000000000000000000000000000001,textures/pulse/env/pulse_bk
000000000000000000000000000000,000000000000000000000000000001,textures/pulse/env/pulse_up
000000000000000000000000000000,000000000000000000000000000001,textures/pulse/env/pulse_dn
000000000000000000000000010000,000000000000000000000000000001,textures/pulse/foot_steps
000000000000000000000000000000,000000000000000000000000000001,textures/pulse/oval_panel_1
000000000000000000000000100000,100000000000000000000000000001,textures/pulse/led_red_blink
000000000000000000000000100000,100000000000000000000000000001,textures/pulse/led_green_blink
000000000000000000000000000000,000000000000000000000000000001,textures/pulse/crate
000000000000000000000000000000,000000000000000000000000000001,textures/pulse/e6wallsupprt
000000000000000000000000000000,000000000000000000000000000001,pulse_70/A5F91984D0D1AF15080B6719C038B459
000000000000000000000000000000,000000000000000000000000000001,pulse_70/4A1DE8D5909F6FA73C03D732E62FE83B
000000000000000000000000000000,000000000000000000000000000001,pulse_70/E9F13E12E0CA9A6E8D22B6988F7F6DDE
000000000000000000000000000000,000000000000000000000000000001,pulse_70/B763DE1E02FC941DBE487E98EFFBD7DD
000000000000000000000000000000,000000000000000000000000000001,pulse_70/31CD3C5B60E2FA041807C1698C1E264C
000000000000000000000000000000,000000000000000000000000000001,pulse_70/A4C1D11B988C3538C90D9E89997E3559
000000000000000000000000000000,000000000000000000000000000001,pulse_70/100A89C8C1C1A404C271D218A5989E0A
000000000000000000000000000000,000000000000000000000000000001,pulse_70/C582A5702F50D17336767B38D1CFC85C
000000000000000000000000000000,000000000000000000000000000001,pulse_70/78B602FA6C8F88E436ABFC64594F628F
000000000000000000000000000000,000000000000000000000000000001,pulse_70/70E21AFAAD7C1F593B15050513A1533A
000000000000000000000000000000,000000000000000000000000000001,pulse_70/601992D83A8BF6FEE8B2FCC790FB7E54
000000000000000000000000000000,000000000000000000000000000001,pulse_70/F4B431ABD24935B60E737DF5EA6D1283
000000000000000000000000000000,000000000000000000000000000001,pulse_70/8D070F43F6AA1571F289352F0588E464
000000000000000000000000000000,000000000000000000000000000001,pulse_70/BE56210981834D24FDD3B71F4017F0CB
000000000000000000000000000000,000000000000000000000000000001,pulse_70/E9C7C14B2610D611B268E0BDE3B6E671
000000000000000000000000000000,000000000000000000000000000001,pulse_70/E3FDF057CB1150B0E3DB6ACA45E6EC9D
000000000000000000000000000000,000000000000000000000000000001,pulse_70/F49E83F79397085A2C3D222BE7BBB9E8
000000000000000000000000000000,000000000000000000000000000001,pulse_70/8D4C36A3CFCD4FFF992432B9111A9CCB
000000000000000000000000000000,000000000000000000000000000001,pulse_70/C6B3D7FEA0D9C8AFCC9EBB41BAC1ADC4
000000000000000000000000000000,000000000000000000000000000001,pulse_70/5D2C8ED9016BEF176F765F38888E99AF
000000000000000000000000000000,000000000000000000000000000001,pulse_70/92FAC09989F4412C7FD98A451CC1189F
000000000000000000000000000000,000000000000000000000000000001,pulse_70/BAF0356F1C2122616B7464BD3241C0E2
000000000000000000000000000000,000000000000000000000000000001,pulse_70/99AAB912FA90992CBAE11F400486883B
000000000000000000000000000000,000000000000000000000000000001,pulse_70/3F3AF109FE43E9E014D915B9D344DEC1
000000000000000000000000000000,000000000000000000000000000001,pulse_70/67E8C5EEFAD166A4554753DA4C130880
000000000000000000000000000000,000000000000000000000000000001,pulse_70/46F7FB5337B95A642D9D0B5238B68B18
000000000000000000000000000000,000000000000000000000000000001,pulse_70/CD1EB275136D89105C4EF9AB2F8D767C
000000000000000000000000000000,000000000000000000000000000001,pulse_70/D2F9B424201974A809D32AF2CAE39909
000000000000000000000000000000,000000000000000000000000000001,pulse_70/F2592094071548FBE21D5FFF65EBD41C
000000000000000000000000000000,000000000000000000000000000001,pulse_70/DCFDD40154A9BE1CFCAF5B0B49B86DD5
000000000000000000000000000000,000000000000000000000000000001,pulse_70/D6D9C68627629B181CB79B5B0BC0F7F0
000000000000000000000000000000,000000000000000000000000000001,pulse_70/EC1722CE84FCD251BE75841196E42B52
000000000000000000000000000000,000000000000000000000000000001,pulse_70/CD161C7AFF4EF07D214ABD76E4A24C42
000000000000000000000000000000,000000000000000000000000000001,pulse_70/BA620338514AAD227648725D90580DD4
000000000000000000000000000000,000000000000000000000000000001,pulse_70/B8F8347F619BAE2C28E50B0A59BCB18D
000000000000000000000000000000,000000000000000000000000000001,pulse_70/27C6CC001521AF64A40BF8E0D0193668
000000000000000000000000000000,000000000000000000000000000001,pulse_70/3A987347E51021A628B7E526826BF645
000000000000000000000000000000,000000000000000000000000000001,pulse_70/506B7DCA536D9B2E44642330931F767A
000000000000000000000000000000,000000000000000000000000000001,pulse_70/69201BF5CC231507990C34BCF39DF784
000000000000000000000000000000,000000000000000000000000000001,pulse_70/703BDE2FEFF689765276ED29696233AC
000000000000000000000000000000,000000000000000000000000000001,pulse_70/16F21DA5D850996B09946BFBF113229A
000000000000000000000000000000,000000000000000000000000000001,pulse_70/31B8F680E5C53C6EAA5DCFB5D6C98E18
000000000000000000000000000000,000000000000000000000000000001,pulse_70/E907402969BFC33957A11270A1F4C6CE
000000000000000000000000000000,000000000000000000000000000001,pulse_70/261AB0348EAD4941977902CD638075A9
000000000000000000000000000000,000000000000000000000000000001,pulse_70/9C41338EEC5CC7BADC07F0656F27F6BA
000000000000000000000000000000,000000000000000000000000000001,pulse_70/5ACF0844D6A77CDCA389CD784D7D1688
000000000000000000000000000000,000000000000000000000000000001,pulse_70/F591D1C328C1B15337A88DC394B475B0
000000000000000000000000000000,000000000000000000000000000001,pulse_70/1A2CDF40996D43489995DA4706AA4022
000000000000000000000000000000,000000000000000000000000000001,pulse_70/E6B60C83F7303E2CC667D1C9A862C0A2
000000000000000000000000000000,000000000000000000000000000001,pulse_70/9298866EEEBF8E080659A4D160BDC0CF
000000000000000000000000000000,000000000000000000000000000001,pulse_70/1C4785A87FE3BD425B5AADF3D6E38400
000000000000000000000000000000,000000000000000000000000000001,pulse_70/725FCD98DFAB509DEC0E7771FF5BD2B5
000000000000000000000000000000,000000000000000000000000000001,pulse_70/970B9607ED87BD5AACB56928CA89AE98
000000000000000000000000000000,000000000000000000000000000001,pulse_70/A8F18A2052FE2A225B595D04D82559B6
000000000000000000000000000000,000000000000000000000000000001,pulse_70/433CAD547AF1B404D28A764F94EB7D22
000000000000000000000000000000,000000000000000000000000000001,pulse_70/9CB77C241F6E869EDC4E7BE3CDC4B595
000000000000000000000000000000,000000000000000000000000000001,pulse_70/BC2E4F9F56C586357FB9118EF73773AF
000000000000000000000000000000,000000000000000000000000000001,pulse_70/EFFE585BE8F7582F751EAE639294FE85
000000000000000000000000000000,000000000000000000000000000001,pulse_70/C720D8A8BF5F78232A66D56B7148BFC1
000000000000000000000000000000,000000000000000000000000000001,pulse_70/A596614742CBBD9784C4F3779B1100E1
000000000000000000000000000000,000000000000000000000000000001,pulse_70/7A3622B6F8A5486F18B75CC3D1A093BE
000000000000000000000000000000,000000000000000000000000000001,pulse_70/E137793ACFC25A2AADACE1956C2832E3
000000000000000000000000000000,000000000000000000000000000001,pulse_70/214E4D0FEAE6CC4272CCC79C59256856
000000000000000000000000000000,000000000000000000000000000001,pulse_70/4E27EB4B5D36844E931399D2F1DA6C56
000000000000000000000000000000,000000000000000000000000000001,pulse_70/4EA555778C76D4C3113AE35759C29DB6
000000000000000000000000000000,000000000000000000000000000001,pulse_70/1AD9B32DA577BFCE3068D01C3BC44B87
000000000000000000000000000000,000000000000000000000000000001,pulse_70/AA3687A7970E4993FEDC6F97445A893A
000000000000000000000000000000,000000000000000000000000000001,pulse_70/52A61DBFD63275BC568BF039128A2DC6
000000000000000000000000000000,000000000000000000000000000001,pulse_70/C75DED573762552F8CA280CEB6F4C91C
000000000000000000000000000000,000000000000000000000000000001,pulse_70/C2B653358B74620BFEB3C93480C7DBDC
000000000000000000000000000000,000000000000000000000000000001,pulse_70/8ECE8DBA13D94A0BD81F0C1F19430B72
000000000000000000000000000000,000000000000000000000000000001,pulse_70/26892BBD92F35A139DA7ED1C97DF1B8C
000000000000000000000000000000,000000000000000000000000000001,pulse_70/B5E370AB76F0C88A19466C6FB8B6297E
000000000000000000000000000000,000000000000000000000000000001,pulse_70/F3C42C9BE869800A5120FA08B1CEF7A0
000000000000000000000000000000,000000000000000000000000000001,pulse_70/B998A9B611148FA3D08175D5A20BD867
000000000000000000000000000000,000000000000000000000000000001,pulse_70/9069A01E41802F6E4DF34E3794E9B1B3
000000000000000000000000000000,000000000000000000000000000001,pulse_70/722F6A22CD1BFC391F1427A269BE5CA2
000000000000000000000000000000,000000000000000000000000000001,pulse_70/ED9906C0A729DD389BE8D260390313F9
000000000000000000000000000000,000000000000000000000000000001,pulse_70/87D1FD944CEC04CD1E7C2EB6E93F5902
000000000000000000000000000000,000000000000000000000000000001,pulse_70/9242A62BC4CE5D54649BF5E46618DD46
000000000000000000000000000000,000000000000000000000000000001,pulse_70/DA81E01E997368BEBDBEE7E4A3BFEFA7
000000000000000000000000000000,000000000000000000000000000001,pulse_70/53833E347135848438A52749598E72F8
000000000000000000000000000000,000000000000000000000000000001,pulse_70/B85DB9CC988327955064CAD542F6A02C
000000000000000000000000000000,000000000000000000000000000001,pulse_70/BDF1B92D72BCF0F26BC535DB37881A0F
000000000000000000000000000000,000000000000000000000000000001,pulse_70/F7E6CEA2F43A848FFCE93C61818C8347
000000000000000000000000000000,000000000000000000000000000001,pulse_70/60ED30D27B4BC74686FC48FBC120EF45
000000000000000000000000000000,000000000000000000000000000001,pulse_70/33508C737D883938147C6BB3E00E663B
000000000000000000000000000000,000000000000000000000000000001,pulse_70/9D5EDC61FE54552B0AE38B6A99760FB7
000000000000000000000000000000,000000000000000000000000000001,pulse_70/6D99828020CC61AA7CDA9B1C76C7C704
000000000000000000000000000000,000000000000000000000000000001,pulse_70/B1BC820A0B80DCFFE81A1200236D8C4F
000000000000000000000000000000,000000000000000000000000000001,pulse_70/26E284556602C7F11CAAC55688CD73BD
000000000000000000000000000000,000000000000000000000000000001,pulse_70/71B7245ECC1F243DAB87DBA4BF37D1F2
000000000000000000000000000000,000000000000000000000000000001,pulse_70/F5F687B093C129CCA1A9BB982C2E048B
000000000000000000000000000000,000000000000000000000000000001,pulse_70/119EFEF7494EEEE4C4A518CC67F521C2
000000000000000000000000000000,000000000000000000000000000001,pulse_70/6E050CDC3D66A97AACA2ED214E688FFF
000000000000000000000000000000,000000000000000000000000000001,pulse_70/3153AB7F13914B4A96C99E852BE8AE12
000000000000000000000000000000,000000000000000000000000000001,pulse_70/8ACFCB2C575FBD5347FD4A308C6E93C2
000000000000000000000000000000,000000000000000000000000000001,pulse_70/E20966A6728A1498DF996940B58E9964
000000000000000000000000000000,000000000000000000000000000001,pulse_70/C0DA6FE8457B221EB742A906A174D48B
000000000000000000000000000000,000000000000000000000000000001,pulse_70/D1D4B0E01773482CD504999E618661F5
000000000000000000000000000000,000000000000000000000000000001,pulse_70/61FE2511B25A7B2BE052627280CB81C9
000000000000000000000000000000,000000000000000000000000000001,pulse_70/AE55E0C91FB87AB9B4B2126BA143FC67
000000000000000000000000000000,000000000000000000000000000001,pulse_70/66F896BF24AE24AD17D9E735A40CF887
000000000000000000000000000000,000000000000000000000000000001,pulse_70/10267D4F1EFE6B954A1D42F69B002E6E
000000000000000000000000000000,000000000000000000000000000001,pulse_70/1FE07B22A39CF5B3FF051E005DAA57FF
000000000000000000000000000000,000000000000000000000000000001,pulse_70/E67E241E10C8E6A357FFA06F5E190E57
000000000000000000000000000000,000000000000000000000000000001,pulse_70/93058C7AF58CFD5386E7055754E892D9
000000000000000000000000000000,000000000000000000000000000001,pulse_70/66EE28A68EA230A74376A29F7D454AE0
000000000000000000000000000000,000000000000000000000000000001,pulse_70/0B985F9FCCD2BA99BAC72A9AA42C9E4D
000000000000000000000000000000,000000000000000000000000000001,pulse_70/9F6571C6C4C24AA43C324BB9AB5DA310
000000000000000000000000000000,000000000000000000000000000001,pulse_70/388FAC57E365BE77BFE701D0E53300AD
000000000000000000000000000000,000000000000000000000000000001,pulse_70/50AE56526E3F93B0E1BB7ED7F4ED01EF
000000000000000000000000000000,000000000000000000000000000001,pulse_70/F580E82A2E78A75FD6A811E904B40480
000000000000000000000000000000,000000000000000000000000000001,pulse_70/3C5F3AD6C990F5940B3F9696E7BD58A4
000000000000000000000000000000,000000000000000000000000000001,pulse_70/0F1C6FFC3E1BCDDB6561F7B621BB6EFA
000000000000000000000000000000,000000000000000000000000000001,pulse_70/9CBB945CD14CF38ED05B29F95FF1D590
000000000000000000000000000000,000000000000000000000000000001,pulse_70/657854A715CBA05D0E0547A9E0427D7E
000000000000000000000000000000,000000000000000000000000000001,pulse_70/C017AD77CDE71516B75BCDA618327CAF
000000000000000000000000000000,000000000000000000000000000001,pulse_70/6013693F5BF7AD29AD845597FB1BBCD1
000000000000000000000000000000,000000000000000000000000000001,pulse_70/0306FD1E1834D496F4153BBECA3C8014
000000000000000000000000000000,000000000000000000000000000001,pulse_70/DC45D8A1AFEEA5C7CD8149263A715DEA
000000000000000000000000000000,000000000000000000000000000001,pulse_70/0789065E7CE36BEAFFD94E3B2559E4AB
000000000000000000000000000000,000000000000000000000000000001,pulse_70/01D8842DC2E144C78C270C5A9B0A7744
000000000000000000000000000000,000000000000000000000000000001,pulse_70/05101CBCA998CD54EC6501B54A413034
000000000000000000000000000000,000000000000000000000000000001,pulse_70/5A585C08E19EA1B4517F464B08E52421
000000000000000000000000000000,000000000000000000000000000001,pulse_70/98897DD9D8151416AE757491D956A2A3
000000000000000000000000000000,000000000000000000000000000001,pulse_70/E145C87AD678D5B9E580AE0A0C3298C3
000000000000000000000000000000,000000000000000000000000000001,pulse_70/B0BD36C0D1FE13BE0D7BB88136BBCCAE
000000000000000000000000000000,000000000000000000000000000001,pulse_70/E0B7305381ECA430FF2A74BD858D549F
000000000000000000000000000000,000000000000000000000000000001,pulse_70/3CEF6FB9A58808D555C0D6B17F7977FD
000000000000000000000000000000,000000000000000000000000000001,pulse_70/ED09B56306C64A7867393E64AE2A2D64
000000000000000000000000000000,000000000000000000000000000001,pulse_70/6511EA43FEC60AD09D9A31BD23FC5C12
000000000000000000000000000000,000000000000000000000000000001,pulse_70/AEFC606CF4D373713714712B2A50EA51
000000000000000000000000000000,000000000000000000000000000001,pulse_70/F242AE885A453B9A7A7D451DE900930A
000000000000000000000000000000,000000000000000000000000000001,pulse_70/99C1F343E55EE6C634207A47C2AA40E9
000000000000000000000000000000,000000000000000000000000000001,pulse_70/4207ACBD3724F0232D63F0E9FCCF2105
000000000000000000000000000000,000000000000000000000000000001,pulse_70/8622535DBD796145D23EC96B11562DCC
000000000000000000000000000000,000000000000000000000000000001,pulse_70/778039949A14E57A8D3A2613655B0A89
000000000000000000000000000000,000000000000000000000000000001,pulse_70/E5247743B98BCB78049C46414064C840
000000000000000000000000000000,000000000000000000000000000001,pulse_70/8F2AAD9B71A7EA0B7DF93C0FF5DCCA36
000000000000000000000000000000,000000000000000000000000000001,pulse_70/7EA16FF6364BEDC2ADAFDB0B1EE47C6D
000000000000000000000000000000,000000000000000000000000000001,pulse_70/E804E253E0C829C6FEAC5D68E9B779D3
000000000000000000000000000000,000000000000000000000000000001,pulse_70/012A061DCE774199249BD93A27816884
000000000000000000000000000000,000000000000000000000000000001,pulse_70/20B2CD189B9F48FC98D73121ED2F0760
000000000000000000000000000000,000000000000000000000000000001,pulse_70/5034D7A4C3BF345BE9EEE433EC9670F3
000000000000000000000000000000,000000000000000000000000000001,pulse_70/E7BA5DA913CFEC95E5307F19133340FC
000000000000000000000000000000,000000000000000000000000000001,pulse_70/CE71F87162F7383E96CA97990E64F855
000000000000000000000000000000,000000000000000000000000000001,pulse_70/F107D82C20EFC429A709C3D1A7111B85
000000000000000000000000000000,000000000000000000000000000001,pulse_70/42D6216F1E03A40CEBC916C5F254AFA5
000000000000000000000000000000,000000000000000000000000000001,pulse_70/A0E3C93EB9AE2FAB881BE1DE9C21FC9A
000000000000000000000000000000,000000000000000000000000000001,pulse_70/724963BA46CABDED9E279B2B1D0F20F8
000000000000000000000000000000,000000000000000000000000000001,pulse_70/FA14F74A1F0EE0C6DAE96E972E847C88
000000000000000000000000000000,000000000000000000000000000001,pulse_70/3B0D3DF841A7EB6758C423DBAD54C9CB
000000000000000000000000000000,000000000000000000000000000001,pulse_70/4B8F7929474DB22418620F030C92C016
000000000000000000000000000000,000000000000000000000000000001,pulse_70/7E810EA346FE14058178CD166B4BE453
000000000000000000000000000000,000000000000000000000000000001,pulse_70/919ED230D64856DCEC7FFF7405B721AF
000000000000000000000000000000,000000000000000000000000000001,pulse_70/46BB3131C68DB74C4F2233F5AC57EEA9
000000000000000000000000000000,000000000000000000000000000001,pulse_70/AF9DF077E2C1798D8097C7523381963F
000000000000000000000000000000,000000000000000000000000000001,pulse_70/EB6D0A86E5A18A9DB8C2487B8891321D
000000000000000000000000000000,000000000000000000000000000001,pulse_70/598FFB7E1EB8B3165388B81328FC1503
000000000000000000000000000000,000000000000000000000000000001,pulse_70/EC0599BB4038AF2BD0AD25F155553052
000000000000000000000000000000,000000000000000000000000000001,pulse_70/FB9F19397543A9B1595CC219BEF8DC45
000000000000000000000000000000,000000000000000000000000000001,pulse_70/8E884266B5B0E1E8B61171A87D050C84
000000000000000000000000000000,000000000000000000000000000001,pulse_70/EDCE554162C5D231070BB58F16A1CD3D
000000000000000000000000000000,000000000000000000000000000001,pulse_70/CE61F0BC521150F275C35AD88DC5DDF6
000000000000000000000000000000,000000000000000000000000000001,pulse_70/07A3AAA219EBD57A92B982A290493B02
000000000000000000000000000000,000000000000000000000000000001,pulse_70/643A587C1AA9AD466FA396548A55FDF3
000000000000000000000000000000,000000000000000000000000000001,pulse_70/5F9AA78AF71E9C2C3C65FBA188C17081
000000000000000000000000000000,000000000000000000000000000001,pulse_70/149715C09D0202C13E7AB3E658437118
000000000000000000000000000000,000000000000000000000000000001,pulse_70/32FF6C20F1AC33EDAA71C89E56E64981
000000000000000000000000000000,000000000000000000000000000001,pulse_70/E6FECBFAA85BFE92B3233EEB1DC8F735
000000000000000000000000000000,000000000000000000000000000001,pulse_70/FEC1426266934ED9AF2858A6DC42ACD4
000000000000000000000000000000,000000000000000000000000000001,pulse_70/FC0EED5F84501AAFF7940AE29A8FABBF
000000000000000000000000000000,000000000000000000000000000001,pulse_70/C34C5A22D3BF1CDAAEA88124530E39FC
000000000000000000000000000000,000000000000000000000000000001,pulse_70/BFDD16A3E100341B9F7F767AEA2DE643
000000000000000000000000000000,000000000000000000000000000001,pulse_70/A96B3BE90600A5A5446D3E9E1231E849
000000000000000000000000000000,000000000000000000000000000001,pulse_70/9FA604BB8EEFB6D04429EC56D1FFF800
000000000000000000000000000000,000000000000000000000000000001,pulse_70/00B5418D787BD29AF98DA42EC0C53A34
000000000000000000000000000000,000000000000000000000000000001,pulse_70/0B58DFCAD702DC18262C3981F41F5AB1
000000000000000000000000000000,000000000000000000000000000001,pulse_70/3D944445C905BE23816BAE42F97E196B
000000000000000000000000000000,000000000000000000000000000001,pulse_70/75BD4B30A6D63EAAACC69FA11C0F2BEF
000000000000000000000000000000,000000000000000000000000000001,pulse_70/E73A62535A6014520D5FA22E3F07B132
000000000000000000000000000000,000000000000000000000000000001,pulse_70/59FAE2CFD7399EB7361E20847D6E9DE0
000000000000000000000000000000,000000000000000000000000000001,pulse_70/8E5641A935B69B28023F42CF9B6F011E
000000000000000000000000000000,000000000000000000000000000001,pulse_70/802D482761A559F08A0DA900F42EE225
000000000000000000000000000000,000000000000000000000000000001,pulse_70/4AF7309F96A07CDB07665AEEB61E8ED0
000000000000000000000000000000,000000000000000000000000000001,pulse_70/B177A696C2578952D7D58110094D7FF5
000000000000000000000000000000,000000000000000000000000000001,pulse_70/ADBCE1D89EE16AF9192672E3C38340C8
000000000000000000000000000000,000000000000000000000000000001,pulse_70/81C9780CE7179C6699847AA56EDA9A39
000000000000000000000000000000,000000000000000000000000000001,pulse_70/8B14F595DF122AD039EFB3CA37A0D4D8
000000000000000000000000000000,000000000000000000000000000001,pulse_70/8E7EE463F65E4712A9C7A6107054C059
000000000000000000000000000000,000000000000000000000000000001,pulse_70/842BF2225FAFB03186E0157CD615F1C7
000000000000000000000000000000,000000000000000000000000000001,pulse_70/AE4B19DAA884EB1D330B6D768071D3BC
000000000000000000000000000000,000000000000000000000000000001,pulse_70/5FD468DCB46812F82E356843047B8DD4
000000000000000000000000100000,000000000000000000000000000001,pulse_70/E45F031D76891B2C69E5BC6CC7A72246
000000000000000000000000100000,000000000000000000000000000001,pulse_70/03923D082B477D0447F5CC7AC863FEEB
000000000000000000000000100000,000000000000000000000000000001,pulse_70/327C69DB038CBF2FA2FA88B65C56DF60
000000000000000000000000000000,000000000000000000000000000001,pulse_70/9FF13630299AA8D9980643BA91D54910
000000000000000000000000000000,000000000000000000000000000001,pulse_70/7B52A2F97BD0A0D66D1DA8A42A377225
000000000000000000000000000000,000000000000000000000000000001,pulse_70/948D84B4436B12C044260B61971B2792
000000000000000000000000000000,000000000000000000000000000001,pulse_70/ABF0B1CC312D2828E5A75A6353E4E252
000000000000000000000000000000,000000000000000000000000000001,pulse_70/9845DD76F9C3C17CAD970362C7230B62
000000000000000000000000000000,000000000000000000000000000001,pulse_70/C65E32CB5AA9AB95BE1668D406942DCE
000000000000000000000000000000,000000000000000000000000000001,pulse_70/0FFD5C662403B73EAD1602E75C581774
000000000000000000000000000000,000000000000000000000000000001,pulse_70/2B02694C70DFDEE9E5735ECAB89512EC
000000000000000000000000000000,000000000000000000000000000001,pulse_70/9AB472721D49282380CC5535F54C37EC
000000000000000000000000000000,000000000000000000000000000001,pulse_70/61379D0B4DBDFEE7DD809EFF8CBD8A7F
000000000000000000000000000000,000000000000000000000000000001,pulse_70/56B1DBBAD10C5A446A3B797D26A4C8DB
000000000000000000000000000000,000000000000000000000000000001,pulse_70/7DB6E92BBC028DA4AD735E41BD41216A
000000000000000000000000000000,000000000000000000000000000001,pulse_70/0BEB010A2094F5651D7D6732D555E996
000000000000000000000000000000,000000000000000000000000000001,pulse_70/6B29B7D5D3A5A0FF885A953E142C51CC
000000000000000000000000000000,000000000000000000000000000001,pulse_70/0009453CCB57B2AF116EDC448C497DD1
000000000000000000000000000000,000000000000000000000000000001,pulse_70/EB5EA61F404B374140D782D4ED435665
000000000000000000000000000000,000000000000000000000000000001,pulse_70/2664562C0C1AF7A3B2E3DA61B56D8659
000000000000000000000000000000,000000000000000000000000000001,pulse_70/BFB7B5E79E70CB9421C2392356E527CF
000000000000000000000000000000,000000000000000000000000000001,pulse_70/60F55539C570CB649790ABA30989FA01
000000000000000000000000000000,000000000000000000000000000001,pulse_70/25AAA2837D4BF1CA268E2B557E13E08B
000000000000000000000000000000,000000000000000000000000000001,pulse_70/E8E124EA1E3D93D9C9BF7F362086BABE
000000000000000000000000000000,000000000000000000000000000001,pulse_70/8F345BB50206505C1E87E5625D4C8144
000000000000000000000000000000,000000000000000000000000000001,pulse_70/3BDC3FCFF5E5AF99F7CB35EFDE8B3293
000000000000000000000000000000,000000000000000000000000000001,pulse_70/5A1D405B74982AE59D3699DADAD7DBD2
000000000000000000000000000000,000000000000000000000000000001,pulse_70/3CC5655AE42BF93D3E32109E61F27A1F
000000000000000000000000000000,000000000000000000000000000001,pulse_70/B012E758BAE1BFFC2FB3F4B0884C6E33
000000000000000000000000000000,000000000000000000000000000001,pulse_70/14A403BE3836D325170143FB5099D1D2
000000000000000000000000000000,000000000000000000000000000001,pulse_70/54C55471530E3D2291300D2B184DC5D1
000000000000000000000000000000,000000000000000000000000000001,pulse_70/C88B8B3C789F6550704BAEEEC2B9AC55
000000000000000000000000000000,000000000000000000000000000001,pulse_70/074EAC6431DA5E4014CC06C52E118F9D
000000000000000000000000000000,000000000000000000000000000001,pulse_70/3B9A044DBB73595265FB5137C2BB3FD9
000000000000000000000000000000,000000000000000000000000000001,pulse_70/6273BA45995EBEF8E1F9B057B493333D
000000000000000000000000000000,000000000000000000000000000001,pulse_70/F22E2609A08816CC80DFCF2FF970B141
000000000000000000000000000000,000000000000000000000000000001,pulse_70/92AD1E05765833E823A3BE2730E78978
000000000000000000000000000000,000000000000000000000000000001,pulse_70/1C623F6D20A4005F08782CC33EDA0D59
000000000000000000000000000000,000000000000000000000000000001,pulse_70/D2790A230603947EFDF223CFD1933985
000000000000000000000000000000,000000000000000000000000000001,pulse_70/056DFFB3C6B47BB0C1B0FDA94D8DB357
000000000000000000000000000000,000000000000000000000000000001,pulse_70/1EE313E41E924080729993063720825D
000000000000000000000000000000,000000000000000000000000000001,pulse_70/2C197FC04BAF8EC4E9E8FB69BA0D9BDB
000000000000000000000000000000,000000000000000000000000000001,pulse_70/BD81FCB0E21C18C6212CDE82D7B5697F
000000000000000000000000000000,000000000000000000000000000001,pulse_70/CC46B33A761AD5D2E7E46111878C8533
000000000000000000000000000000,000000000000000000000000000001,pulse_70/F8C9632A6B73C3026BEB15DE3C2CF078
000000000000000000000000000000,000000000000000000000000000001,pulse_70/3D4F3357F3134096F17F0649F43BC40A
000000000000000000000000000000,000000000000000000000000000001,pulse_70/18183FF8014EB0AEDC3C3E6D291A0222
000000000000000000000000000000,000000000000000000000000000001,pulse_70/3B5A77463B14F699D52D82160A6B965E
000000000000000000000000000000,000000000000000000000000000001,pulse_70/D7BF6A9ED61856D51C3F13CB798DC86F
000000000000000000000000000000,000000000000000000000000000001,pulse_70/7460E13C043B841E1AC5D995E4FA2E1C
000000000000000000000000000000,000000000000000000000000000001,pulse_70/CEDF88A8D11504C6FD37740445819883
000000000000000000000000000000,000000000000000000000000000001,pulse_70/DBB2D02B4F86297D2273F212F4C6D473
000000000000000000000000000000,000000000000000000000000000001,pulse_70/61EB094D048444CFCA6F7CDF27035F64
000000000000000000000000000000,000000000000000000000000000001,pulse_70/9C5ADCCE36842258012EB8BA1E1D4C25
000000000000000000000000000000,000000000000000000000000000001,pulse_70/CF0207C55CDD1B32A3B0AA71FEE8158A
000000000000000000000000000000,000000000000000000000000000001,pulse_70/C14ED2BC70BA2AB697A93048122819C8
000000000000000000000000000000,000000000000000000000000000001,pulse_70/9CA5190C2CEBC41D06F514A449DF0D8A
000000000000000000000000000000,000000000000000000000000000001,pulse_70/CBAE030FDA09F1688CC3CFD170E88D72
000000000000000000000000000000,000000000000000000000000000001,pulse_70/302F16FBAD05B1632D28CC511D91692B
000000000000000000000000000000,000000000000000000000000000001,pulse_70/470594408D1B68DD08B35BC1E1867F34
000000000000000000000000000000,000000000000000000000000000001,pulse_70/F836ADA26B86E8FCBAFDCC23A43E91D4
000000000000000000000000000000,000000000000000000000000000001,pulse_70/256EB69377D0655B38C9750B132E77ED
000000000000000000000000000000,000000000000000000000000000001,pulse_70/67BD3DEAA6773D47B18617C9E94394C2
000000000000000000000000000000,000000000000000000000000000001,pulse_70/C2AD30D67BDE44FF86D5A3CB9FF16A52
000000000000000000000000000000,000000000000000000000000000001,pulse_70/3143E7DA5137FB1C5FCA95CA187929B8
000000000000000000000000000000,000000000000000000000000000001,pulse_70/ED46794E314A4EF2A1904AFB105585B9
000000000000000000000000000000,000000000000000000000000000001,pulse_70/66DB1303EC42BFFF6641B3824F034A3B
000000000000000000000000000000,000000000000000000000000000001,pulse_70/7CD8CA364F7D8A9E24DD80EF7CBE6460
000000000000000000000000000000,000000000000000000000000000001,pulse_70/5057CB64A9F13F8A4288CBC9A195865A
000000000000000000000000000000,000000000000000000000000000001,pulse_70/F638DC4EF2C2031DF92AFC65231C004C
000000000000000000000000000000,000000000000000000000000000001,pulse_70/ECF0F4AFA40057493A06499D28D1FFE4
000000000000000000000000000000,000000000000000000000000000001,pulse_70/BEAE589EB0DDDE7E606596F2A25B381A
000000000000000000000000000000,000000000000000000000000000001,pulse_70/E7348DCB0E80AD8F17C046E6A3765964
000000000000000000000000000000,000000000000000000000000000001,pulse_70/92B5B526E8D04931A00B31CA7EEF3C8C
000000000000000000000000000000,000000000000000000000000000001,pulse_70/0FDA94009D0BDF7591F47410876D2F4E
000000000000000000000000000000,000000000000000000000000000001,pulse_70/0821ECC5D59CC105E31E5EA7C1C4AF4A
000000000000000000000000000000,000000000000000000000000000001,pulse_70/B3157541AB483A69B1F4A82817260D3E
000000000000000000000000000000,000000000000000000000000000001,pulse_70/78F4539F9A5DDA05B2B11BE138232827
000000000000000000000000000000,000000000000000000000000000001,pulse_70/8D6F77295622CAF86B236ECD2E2E7059
000000000000000000000000000000,000000000000000000000000000001,pulse_70/979252BC75CB8512BD54EB10973AE817
000000000000000000000000000000,000000000000000000000000000001,pulse_70/27F6B3BC7AF2D37CC96F8AC8D60D8EEE
000000000000000000000000000000,000000000000000000000000000001,pulse_70/EB91BD4E1446083B920AF5DF7AA9F76C
000000000000000000000000000000,000000000000000000000000000001,pulse_70/F1C50BA358BD8CA58897367C161AB234
000000000000000000000000000000,000000000000000000000000000001,pulse_70/49AF861FD9B46EDFC804D4CABB8E16E2
000000000000000000000000000000,000000000000000000000000000001,pulse_70/30EB84E6D3135E7DCCCEE2D18520529D
000000000000000000000000000000,000000000000000000000000000001,pulse_70/BB3A4B2BEF00CF71B94DEE177526E4AF
000000000000000000000000000000,000000000000000000000000000001,pulse_70/6EEBC9C42DDCC5CC86D27008848A7339
000000000000000000000000000000,000000000000000000000000000001,pulse_70/799FCD2F2CCC4A965E696F79730DB8D5
000000000000000000000000000000,000000000000000000000000000001,pulse_70/09745ABB025933602F1CFA47ABCD8DE8
000000000000000000000000000000,000000000000000000000000000001,pulse_70/DEF71601C792A834F95A77E281EEB76A
000000000000000000000000000000,000000000000000000000000000001,pulse_70/828C975E99214DC1BCF0915BE519BADB
000000000000000000000000000000,000000000000000000000000000001,pulse_70/9E5ABE23D0BAA49A9B3F8E10DE09B804
000000000000000000000000000000,000000000000000000000000000001,pulse_70/9D37859D13CD68317504C53376548B98
000000000000000000000000000000,000000000000000000000000000001,pulse_70/9F7C5211D9CA79DA3793BCBB0C152605
000000000000000000000000000000,000000000000000000000000000001,pulse_70/25237A82C684789794ACB54C7990C6A7
000000000000000000000000000000,000000000000000000000000000001,pulse_70/FDDAB9F1E2BD56C8490C2441FE7493FE
000000000000000000000000000000,000000000000000000000000000001,pulse_70/1A73C3A8897F1C2F341C02CC2008FD44
000000000000000000000000000000,000000000000000000000000000001,pulse_70/1759188BC571D29C91C2AD7230448911
000000000000000000000000000000,000000000000000000000000000001,pulse_70/E627EA682094CBF4606647F6BA654B82
000000000000000000000000000000,000000000000000000000000000001,pulse_70/7FD222B5455F4F270FDA397F5FC64899
000000000000000000000000000000,000000000000000000000000000001,pulse_70/5F6EF18C6F9B57A7B96F03EAF42266A0
000000000000000000000000000000,000000000000000000000000000001,pulse_70/ED79976467FCCC261FACAAB849EEFE85
000000000000000000000000000000,000000000000000000000000000001,pulse_70/1CF8DB96BD9B355420694421C0BDFBA5
000000000000000000000000000000,000000000000000000000000000001,pulse_70/BE7C1EC753F716777B5BAB56D01F1C4D
000000000000000000000000000000,000000000000000000000000000001,pulse_70/4416814426F3D114CD9A3BB4ED1DBBC2
000000000000000000000000000000,000000000000000000000000000001,pulse_70/1741844BC93511F3F8A7A1233A1D9DFD
000000000000000000000000000000,000000000000000000000000000001,pulse_70/578ACF1EC688492B6E3FAF933BB10EBE
000000000000000000000000000000,000000000000000000000000000001,pulse_70/684EC8D1141195760767B11E1B352AF9
000000000000000000000000000000,000000000000000000000000000001,pulse_70/910C7887CA5D30E345068EE2A06094B3
000000000000000000000000000000,000000000000000000000000000001,pulse_70/AE303BE5942CB84644A6B9A0089D80DC
000000000000000000000000000000,000000000000000000000000000001,pulse_70/C180A100D72B649BFC9709DBCD496B71
000000000000000000000000000000,000000000000000000000000000001,pulse_70/49757F7C6394D6DF181CAA193997C399
000000000000000000000000000000,000000000000000000000000000001,pulse_70/7DDE2E310A52C5D8E955C09931BFD99E
000000000000000000000000000000,000000000000000000000000000001,pulse_70/94A99A4B24B0C08E0E41B2B842C51EB6
000000000000000000000000000000,000000000000000000000000000001,pulse_70/A93D09A785741244C653E3C7665D0861
000000000000000000000000000000,000000000000000000000000000001,pulse_70/FA00002C52A92B874E7CDD6C79871753
000000000000000000000000000000,000000000000000000000000000001,pulse_70/ABB80D7A75D31E1C4A94EFEF6E54D928
000000000000000000000000000000,000000000000000000000000000001,pulse_70/C03C519FCF74521FC0C8A8464BAB68C0
000000000000000000000000000000,000000000000000000000000000001,pulse_70/2A6421CD1BB8530778C8F28A4AABA273
000000000000000000000000000000,000000000000000000000000000001,pulse_70/1F480D6EED0FD6FBD9C6FCE7361F9E1E
000000000000000000000000000000,000000000000000000000000000001,pulse_70/888C67572E581A2E17328A169E3727BE
000000000000000000000000000000,000000000000000000000000000001,pulse_70/BE167C3AF8EB6504019E779E2C6B210C
000000000000000000000000000000,000000000000000000000000000001,pulse_70/2B579DD91D034BB71D30C132CB922127
000000000000000000000000000000,000000000000000000000000000001,pulse_70/CD6CF4623B44B6E20EEE219AB43AF0AE
000000000000000000000000000000,000000000000000000000000000001,pulse_70/FB4777A3D80588731B4901855F14AC09
000000000000000000000000000000,000000000000000000000000000001,pulse_70/91C6CFEAAE262D2995E255583B7A9381
000000000000000000000000000000,000000000000000000000000000001,pulse_70/D191C782C6306A28FF4AF64D47C2F210
000000000000000000000000000000,000000000000000000000000000001,pulse_70/7DF99779786B7A7EB025AA63CC201F5D
000000000000000000000000000000,000000000000000000000000000001,pulse_70/488E73ECA84E88DBA463C2C2676038E1
000000000000000000000000000000,000000000000000000000000000001,pulse_70/2BF7964834CC8AF2FAD3AA7511AEF2DA
000000000000000000000000000000,000000000000000000000000000001,pulse_70/5C728F5094045F61E9F12E7C50E47A8F
000000000000000000000000000000,000000000000000000000000000001,pulse_70/BA84C6CD4F19C93C9A23EB2C0F1C3788
000000000000000000000000000000,000000000000000000000000000001,pulse_70/4F2688C6C4F45EFEE2811B33415977D7
000000000000000000000000000000,000000000000000000000000000001,pulse_70/323C2F2466BD34222E27A958E8C9C20A
000000000000000000000000000000,000000000000000000000000000001,pulse_70/28AF5726762B82908FE6F521C90003D8
000000000000000000000000000000,000000000000000000000000000001,pulse_70/E1EC7D9F9438607DBC4FC4628BCCFD62
000000000000000000000000000000,000000000000000000000000000001,pulse_70/9BEB19E0468355914B415E0508D8CF47
000000000000000000000000000000,000000000000000000000000000001,pulse_70/A1C3CA1BA147E8F27BB1D3DB5293EED4
000000000000000000000000000000,000000000000000000000000000001,pulse_70/B32263208F52122F0D1B1A85235DFB50
000000000000000000000000000000,000000000000000000000000000001,pulse_70/0885957BCB7A64D52B0C447C578770D2
000000000000000000000000000000,000000000000000000000000000001,pulse_70/8051A44FF1CEB47EEC88EE3C0A222B34
000000000000000000000000000000,000000000000000000000000000001,pulse_70/8B5C436DFF79DE803E54B322A9D72EDB
000000000000000000000000000000,000000000000000000000000000001,pulse_70/607E5FF200933EFBACCB26354793FC22
000000000000000000000000000000,000000000000000000000000000001,pulse_70/6A1EA9E77F870C0660206DD91FAE5751
000000000000000000000000000000,000000000000000000000000000001,pulse_70/573F660870540C9C84518C59DA13998C
000000000000000000000000000000,000000000000000000000000000001,pulse_70/4FB14A7AFAE1F1800811C8F46727B863
000000000000000000000000000000,000000000000000000000000000001,pulse_70/B392F4875EC3FBFF09108E31E5CAE32F
000000000000000000000000000000,000000000000000000000000000001,pulse_70/DBFEF46528464B477604ECC938F83004
000000000000000000000000000000,000000000000000000000000000001,pulse_70/5324511C1104E26ADC8474AB95847203
000000000000000000000000000000,000000000000000000000000000001,pulse_70/6B3261AE33C5E71B8D5A5DB0EC11228C
000000000000000000000000000000,000000000000000000000000000001,pulse_70/CB67C4F1CA33A5477756153355B42A8D
000000000000000000000000000000,000000000000000000000000000001,pulse_70/8A908F66EB9DB08E14F366E467DDBC72
000000000000000000000000000000,000000000000000000000000000001,pulse_70/EBA05846C00A01FF9BD89595118F58D3
000000000000000000000000000000,000000000000000000000000000001,pulse_70/EBE83825E6CD7D33DA179A45C473A029
000000000000000000000000000000,000000000000000000000000000001,pulse_70/A5797BDCBD6615AD4F77E3C46236FDFB
000000000000000000000000000000,000000000000000000000000000001,pulse_70/728DD1C83A9CBB198E99AF239B4B914D
000000000000000000000000000000,000000000000000000000000000001,pulse_70/47AF0864383948BDA4AD0BFA3D7B315E
000000000000000000000000000000,000000000000000000000000000001,pulse_70/A3969316E0F35FD2E58A2AB9267E568A
000000000000000000000000000000,000000000000000000000000000001,pulse_70/C7377C0F3E4F665F58B6C13B4A63064D
000000000000000000000000000000,000000000000000000000000000001,pulse_70/73109CA1BB5337F83D76770524A60C68
000000000000000000000000000000,000000000000000000000000000001,pulse_70/F58B302AABF08875A5AA51BCE891747C
000000000000000000000000000000,000000000000000000000000000001,pulse_70/8069CF994FD6C33B0CF38158EAD58436
000000000000000000000000000000,000000000000000000000000000001,pulse_70/94DAF17FD517E07981D2260A87236D52
000000000000000000000000000000,000000000000000000000000000001,pulse_70/91615F41388FFA11E687ED331B0AA2ED
000000000000000000000000000000,000000000000000000000000000001,pulse_70/91FD3AEB758D814C07EF608AB81B4618
000000000000000000000000000000,000000000000000000000000000001,pulse_70/F4C00D904196AC734B4781F7E7EF10BD
000000000000000000000000000000,000000000000000000000000000001,pulse_70/84498B1069C242AC770D32A81C0273E8
000000000000000000000000000000,000000000000000000000000000001,pulse_70/28865362EFD6CD70D292A132EE10ED09
000000000000000000000000000000,000000000000000000000000000001,pulse_70/5AB4C6E57B01992091667E2D6E5AB975
000000000000000000000000000000,000000000000000000000000000001,pulse_70/F0A6B3259F0178E741493D9F07EFCF48
000000000000000000000000000000,000000000000000000000000000001,pulse_70/B10597472389700DE8488A9943107B83
000000000000000000000000000000,000000000000000000000000000001,pulse_70/F06D6D66099B8F98433D75192D1CBF99
000000000000000000000000000000,000000000000000000000000000001,pulse_70/4AE7D2BBDD16A01BAB3B369D00032945
000000000000000000000000000000,000000000000000000000000000001,pulse_70/07B00988E8AA1679E8108AFE982DBE73
000000000000000000000000000000,000000000000000000000000000001,pulse_70/0F0679692D98450BE0037008CACEE9A2
000000000000000000000000000000,000000000000000000000000000001,pulse_70/FF2F057AC4EF1D76EAF4A428E5B5F3AB
000000000000000000000000000000,000000000000000000000000000001,pulse_70/FDBDA0ED180A284A31BCE434A45255E6
000000000000000000000000000000,000000000000000000000000000001,pulse_70/51F750971A11EDBE7A58F0D990364DFC
000000000000000000000000000000,000000000000000000000000000001,pulse_70/B8061D6E22474C03575DD34AF2EC81AD
000000000000000000000000000000,000000000000000000000000000001,pulse_70/29459B1F889BEC2F0E0E43DA650B536B
000000000000000000000000000000,000000000000000000000000000001,pulse_70/2AC89AAE186384CC17AD415C03021A32
000000000000000000000000000000,000000000000000000000000000001,pulse_70/4799CC88C8770C2AC187B682A4B1D2F1
000000000000000000000000000000,000000000000000000000000000001,pulse_70/3D8ADC0B4B23A463CB51E92EE134EF65
000000000000000000000000000000,000000000000000000000000000001,pulse_70/BF54C73CAD43745DB9E68EDEED6C7A2C
000000000000000000000000000000,000000000000000000000000000001,pulse_70/3B234FDDC746E9F8A1908EC931D96056
000000000000000000000000000000,000000000000000000000000000001,pulse_70/02026C3816DD94EF873356B7ED13DBC7
000000000000000000000000000000,000000000000000000000000000001,pulse_70/B1E1BBDF608A036D2D70B20E8066B4B5
000000000000000000000000000000,000000000000000000000000000001,pulse_70/50E5AA7147D4F9550FAF8DE835105189
000000000000000000000000000000,000000000000000000000000000001,pulse_70/7DA3EED3ACC04BF1B7A44B9158920D36
000000000000000000000000000000,000000000000000000000000000001,pulse_70/1D3C736AE42285536BF5715D341A3756
000000000000000000000000000000,000000000000000000000000000001,pulse_70/25EE004F508DE47F9818C912D5ADA369
000000000000000000000000000000,000000000000000000000000000001,pulse_70/F4AAC1FF6540E951594EF44251F19215
000000000000000000000000000000,000000000000000000000000000001,pulse_70/2DC5EF71E26E8E6B6D1562312E9BD52F
000000000000000000000000000000,000000000000000000000000000001,pulse_70/2FBD21CF98588CD72E6FE5B76B3E2D3F
000000000000000000000000000000,000000000000000000000000000001,pulse_70/05B7C4EBCB95B0B82F38FD72F1ADB7FF
000000000000000000000000000000,000000000000000000000000000001,pulse_70/5F3CBC45AAEA98FA3162E83BD5ACCCCF
000000000000000000000000000000,000000000000000000000000000001,pulse_70/04B4FBA6CBFB25DCD026450142FE718F
000000000000000000000000000000,000000000000000000000000000001,pulse_70/4454F343E54410CFD4A1ECB33C18BF04
000000000000000000000000000000,000000000000000000000000000001,pulse_70/0AE9558699668DC22B5419878CA5687A
000000000000000000000000000000,000000000000000000000000000001,pulse_70/4F379553CAF5646F4E16B4DBE99B5317
000000000000000000000000000000,000000000000000000000000000001,pulse_70/F4B18A521A373AD2B04295E17FCE27BD
000000000000000000000000000000,000000000000000000000000000001,pulse_70/08455D83C59B3D7EE3E992BCB1E0234A
000000000000000000000000000000,000000000000000000000000000001,pulse_70/218225F69BD03318AAC5713FBF837FCF
000000000000000000000000000000,000000000000000000000000000001,pulse_70/68B7C9F6C6026FAB33735C4E7AD76036
000000000000000000000000000000,000000000000000000000000000001,pulse_70/95545C5E4A852776C4F5CAB3ACB34F25
000000000000000000000000000000,000000000000000000000000000001,pulse_70/ADD109093AB3E2F006B21D8C341FBE06
000000000000000000000000000000,000000000000000000000000000001,pulse_70/ABA04A2FC2895AE16E99895315B77C4C
000000000000000000000000000000,000000000000000000000000000001,pulse_70/A358079FBE2502D46470B8798E005D11
000000000000000000000000000000,000000000000000000000000000001,pulse_70/C12F752919F7DDA8BF3513DDDCB1D3F8
000000000000000000000000000000,000000000000000000000000000001,pulse_70/181EC8F3E8AC28155E87B8363672A52C
000000000000000000000000000000,000000000000000000000000000001,pulse_70/A1BCD002DF6560E1C4AC2F5370F4A6E7
000000000000000000000000000000,000000000000000000000000000001,pulse_70/72C0827F0743F0BEB8399A21A3E33DB3
000000000000000000000000000000,000000000000000000000000000001,pulse_70/D7C1DCC08AB96898CA3D94753508DEB8
000000000000000000000000000000,000000000000000000000000000001,pulse_70/B22BA8329FF756B4B0EFD88847408E2F
000000000000000000000000000000,000000000000000000000000000001,pulse_70/ED8376332EECE343E6596DE33316FA1C
000000000000000000000000000000,000000000000000000000000000001,pulse_70/5B6198B318E275E43D9F868568B9C7D9
000000000000000000000000000000,000000000000000000000000000001,pulse_70/F9D134FD9184C5696D344A6387E6B917
000000000000000000000000000000,000000000000000000000000000001,pulse_70/6E79A8B954755A1B35EFF06D9FC8CBB7
000000000000000000000000000000,000000000000000000000000000001,pulse_70/1DC72C831D89B5A7628F6A59DE173610
000000000000000000000000000000,000000000000000000000000000001,pulse_70/C1DC675EEEEB5EDD9A06D951B7C0A316
000000000000000000000000000000,000000000000000000000000000001,pulse_70/2F797682C2C094EE8CCD454BBD66BFA8
000000000000000000000000000000,000000000000000000000000000001,pulse_70/914D6AF97E7D8484D3DFC83CDF892FEE
000000000000000000000000000000,000000000000000000000000000001,pulse_70/C3E2D66F152C9B112D1C1FDF30663B12
000000000000000000000000000000,000000000000000000000000000001,pulse_70/BADE049DA784D636E2B8C0B5EF96C9AC
000000000000000000000000000000,000000000000000000000000000001,pulse_70/EDD59DF21DCC70C922C27226F7A0FAB6
000000000000000000000000000000,000000000000000000000000000001,pulse_70/485462B609A6175700843047CED550D6
000000000000000000000000000000,000000000000000000000000000001,pulse_70/155E4FE72B4121F76D5FAF563F84F7E8
000000000000000000000000000000,000000000000000000000000000001,pulse_70/6B877F67EFD5CBB6020067F1EADD35F7
000000000000000000000000000000,000000000000000000000000000001,pulse_70/1E013BB8E87FA1B58EF82CE772E1EA9C
000000000000000000000000000000,000000000000000000000000000001,pulse_70/BCA8B7D8533D9586E16370E65C0948AC
000000000000000000000000000000,000000000000000000000000000001,pulse_70/2117C6B66529CD5ACF3D6506CE4E754A
000000000000000000000000000000,000000000000000000000000000001,pulse_70/9403A3EAA95262544E44B4ECC5D84D16
000000000000000000000000000000,000000000000000000000000000001,pulse_70/4C79AFC5AFB0DF51A595997455C112A0
000000000000000000000000000000,000000000000000000000000000001,pulse_70/ACE7719E09714C09263ADB8FFFCB12E0
000000000000000000000000000000,000000000000000000000000000001,pulse_70/9D01C7A647C336DB913EB0327694E1B4
000000000000000000000000000000,000000000000000000000000000001,pulse_70/50D2045B0A1F2A7421EE1DC897924AE5
000000000000000000000000000000,000000000000000000000000000001,pulse_70/0518E741D6FC8C2DA665CDBB93B2C976
000000000000000000000000000000,000000000000000000000000000001,pulse_70/59EDB49C1EB02EDD2CBB553C7680ADF0
000000000000000000000000000000,000000000000000000000000000001,pulse_70/4F8E45846CE60805C02BC959DFBCD53E
000000000000000000000000000000,000000000000000000000000000001,pulse_70/560347FA3F17019AA403710057840BDD
000000000000000000000000000000,000000000000000000000000000001,pulse_70/45CBD378565D3E11C1FAB7A2DEBBC84F
000000000000000000000000000000,000000000000000000000000000001,pulse_70/E14FCC132F4A7AF185528740AC2DC893
000000000000000000000000000000,000000000000000000000000000001,pulse_70/8FA1445AEF1F40708E4346E218CD6B71
000000000000000000000000000000,000000000000000000000000000001,pulse_70/4B72BAFC095859BE9A31F175567C74C2
000000000000000000000000000000,000000000000000000000000000001,pulse_70/BA9A753B9522E7B2E8F9E8449A75CE93
000000000000000000000000000000,000000000000000000000000000001,pulse_70/811FA3DC1021FA7AFEC1AD6A10FEF247
000000000000000000000000000000,000000000000000000000000000001,pulse_70/F1FFE6E4FD5172A92B98B95793D285EE
000000000000000000000000000000,000000000000000000000000000001,pulse_70/EED26BE64CA38DAC6E820A68C69B8DCD
000000000000000000000000000000,000000000000000000000000000001,pulse_70/1DFF4222AFA464A5677EA7D4B8023040
000000000000000000000000000000,000000000000000000000000000001,pulse_70/C62BE09767C29AFE21742CE7E3ABD49F
000000000000000000000000000000,000000000000000000000000000001,pulse_70/A0CF452B9D995C95C435EC9296E73AC3
000000000000000000000000000000,000000000000000000000000000001,pulse_70/BAE76CA02568E3FE895BDD4C7A7B946A
000000000000000000000000000000,000000000000000000000000000001,pulse_70/8A040CA564849CD712CE283667446FB6
000000000000000000000000000000,000000000000000000000000000001,pulse_70/3AC5AB1B583167124792BC415567501D
000000000000000000000000000000,000000000000000000000000000001,pulse_70/4CE0662D7A8A36E6267324F99DBD9B52
000000000000000000000000000000,000000000000000000000000000001,pulse_70/86F136D8B482884833B46C3063D603C1
000000000000000000000000000000,000000000000000000000000000001,pulse_70/78445BFC4F0DDDFA92618B3EF7E7D35B
000000000000000000000000000000,000000000000000000000000000001,pulse_70/D14F85AABE22B9DA830ED6D4A66D6ACA
000000000000000000000000000000,000000000000000000000000000001,pulse_70/45573D22E2E20294343E45A81688EA32
000000000000000000000000000000,000000000000000000000000000001,pulse_70/3132BDCFDA6B54BDFFF385A1DD014E74
000000000000000000000000000000,000000000000000000000000000001,pulse_70/4BC24E5DFA897C49F5D6A3B73777A393
000000000000000000000000000000,000000000000000000000000000001,pulse_70/6712F74FFDE6ADACFA6C247B63970ADF
000000000000000000000000000000,000000000000000000000000000001,pulse_70/7BC18E42D14362F848E5D11E7C88F0EF
000000000000000000000000000000,000000000000000000000000000001,pulse_70/F4ADBA01B1E8270655AE101B777D11F0
000000000000000000000000000000,000000000000000000000000000001,pulse_70/91E64679E263EDFFAA0437A3619D246A
000000000000000000000000000000,000000000000000000000000000001,pulse_70/F9F4EAA07D3D6A3F6DBEABD76D540AA5
000000000000000000000000000000,000000000000000000000000000001,pulse_70/724AC64CC4B9255A996AEBACB5090248
000000000000000000000000000000,000000000000000000000000000001,pulse_70/DA9FABF3B8D4F667DF13050A8338BE42
000000000000000000000000000000,000000000000000000000000000001,pulse_70/5EAF6126DBD1AECC25CB4A6A5F610018
000000000000000000000000000000,000000000000000000000000000001,pulse_70/8C6DAB9B01F1951884F3F00FC551B114
000000000000000000000000000000,000000000000000000000000000001,pulse_70/14CFE38848B7727447C76D10DEC0667B
000000000000000000000000000000,000000000000000000000000000001,pulse_70/4F899F74EB73DAB3BFFDA5D67AE39731
000000000000000000000000000000,000000000000000000000000000001,pulse_70/6ABD2A26A2CFEE9D23B199A955A4CED1
000000000000000000000000000000,000000000000000000000000000001,pulse_70/243347E4244B37426E5CD7FE66CBCCF4
000000000000000000000000000000,000000000000000000000000000001,pulse_70/EBD72A9736DF889501B9A4A837E9A7E3
000000000000000000000000000000,000000000000000000000000000001,pulse_70/2A178B5D7A6BC1F2586E65AED3DAFEB7
000000000000000000000000000000,000000000000000000000000000001,pulse_70/745CBED421929EA606ED3467AD9CABA4
000000000000000000000000000000,000000000000000000000000000001,pulse_70/228514A3BDBE7090307A03CEFA586763
000000000000000000000000000000,000000000000000000000000000001,pulse_70/672DF7A5B7FCF5AE10FAA180273FBE4F
000000000000000000000000000000,000000000000000000000000000001,pulse_70/167BF328EA4E5FCDC72FADCA0435A54B
000000000000000000000000000000,000000000000000000000000000001,pulse_70/B923A28A5C0CC695540E42B8CDCD7973
000000000000000000000000000000,000000000000000000000000000001,pulse_70/640B260299F0A4D3FE43097D405CA866
000000000000000000000000000000,000000000000000000000000000001,pulse_70/7D9CA549A3E9B7F118EA044FE06AB2D0
000000000000000000000000000000,000000000000000000000000000001,pulse_70/592DDA293F7886B3AD572B9B37F65796
000000000000000000000000000000,000000000000000000000000000001,pulse_70/F15DE8F082D2FEAF307959B014575116
000000000000000000000000000000,000000000000000000000000000001,pulse_70/003C8A7B13551B808AF576B0DCD997C1
000000000000000000000000000000,000000000000000000000000000001,pulse_70/3FF4FE369A6AD59F3AE1B4C33CEE38ED
000000000000000000000000000000,000000000000000000000000000001,pulse_70/1FCD1E080D303CBB93ECD3AE914202E9
000000000000000000000000000000,000000000000000000000000000001,pulse_70/E74B0ED29969A532BB0AE9933310ADFD
000000000000000000000000000000,000000000000000000000000000001,pulse_70/61354B72D52AFA1B2C8B04433155B9F6
000000000000000000000000000000,000000000000000000000000000001,pulse_70/C603C369DE59D2DDFDDF8DC07AEC538A
000000000000000000000000000000,000000000000000000000000000001,pulse_70/3D399B7FEDCBF58DC93E76EE55BF6EEF
000000000000000000000000000000,000000000000000000000000000001,pulse_70/269BC3D1668D2A39B39A6FE973E1F0F4
000000000000000000000000000000,000000000000000000000000000001,pulse_70/537F3C32436ACFB1BF3FB3C0EC538643
000000000000000000000000000000,000000000000000000000000000001,pulse_70/A3861276703754A09A145F92EC578129
000000000000000000000000000000,000000000000000000000000000001,pulse_70/7377654A284AF4DFFCD6F1BF44340351
000000000000000000000000000000,000000000000000000000000000001,pulse_70/6C206F36FF8A9AE70A1A967F16C43FAE
000000000000000000000000000000,000000000000000000000000000001,pulse_70/208F5C978F084BBCDD58B5590161024F
000000000000000000000000000000,000000000000000000000000000001,pulse_70/A06C9453ECF974D174A76EF4EB7AFBE8
000000000000000000000000000000,000000000000000000000000000001,pulse_70/9FC9A10BE1DC87BE9748FC29CB827767
000000000000000000000000000000,000000000000000000000000000001,pulse_70/7FCFF531B56A7EB3743991B6CF1AFC2C
000000000000000000000000000000,000000000000000000000000000001,pulse_70/AA5875D217B3999A6A364DB0120592E1
000000000000000000000000000000,000000000000000000000000000001,pulse_70/508D1A39A60A128A5A81E72845909F6C
000000000000000000000000000000,000000000000000000000000000001,pulse_70/77644EBB62AECB76F856CEF8CCFB1F1C
000000000000000000000000000000,000000000000000000000000000001,pulse_70/911BFCD311BBEB1B182D50C92D78DD41
000000000000000000000000000000,000000000000000000000000000001,pulse_70/212BB62AC44A37495A2476A0FB086CF0
000000000000000000000000000000,000000000000000000000000000001,pulse_70/A1086A526D21ADE40BB412018214E51C
000000000000000000000000000000,000000000000000000000000000001,pulse_70/CEFDCC218F9FDBCB6F040F5EE3BC3AC9
000000000000000000000000000000,000000000000000000000000000001,pulse_70/3792229D20CB27BB7D0A18CD9C0A7A89
000000000000000000000000000000,000000000000000000000000000001,pulse_70/EC1375156DCBB5DF85AFD096331CB21F
000000000000000000000000000000,000000000000000000000000000001,pulse_70/F6D9351FC8520B044F749C48F2D86B7E
000000000000000000000000000000,000000000000000000000000000001,pulse_70/0791E6B104C136CE785E327CF134FB59
000000000000000000000000000000,000000000000000000000000000001,pulse_70/9DBFBE3CAF890A623AD9D0C5DDE8489A
000000000000000000000000000000,000000000000000000000000000001,pulse_70/7FF109500C1A93EECD59DDFE32B79ED4
000000000000000000000000000000,000000000000000000000000000001,pulse_70/AC8D0DCCD17F3CEC6753A13D7AD69C5C
000000000000000000000000000000,000000000000000000000000000001,pulse_70/364B2B5410E779DBFA0F0B13D73EBB46
000000000000000000000000000000,000000000000000000000000000001,pulse_70/32F37E20B82396571F898055C7F83F95
000000000000000000000000000000,000000000000000000000000000001,pulse_70/1D486632554A83266A449AEF34C6557C
000000000000000000000000000000,000000000000000000000000000001,pulse_70/1EC82EDD67A52FC30436B2A726AF45C5
000000000000000000000000000000,000000000000000000000000000001,pulse_70/EBD25054C798D9392B2A5C9BD344B82E
000000000000000000000000000000,000000000000000000000000000001,pulse_70/CA74245C2EB99B75586FEADC75DEDFEC
000000000000000000000000000000,000000000000000000000000000001,pulse_70/F61516AE812589861D53C52A6846CC05
000000000000000000000000000000,000000000000000000000000000001,pulse_70/0C410FDC650D3964667430C0C90D8131
000000000000000000000000000000,000000000000000000000000000001,pulse_70/CF9EE246A76486F244000DFF20B86A29
000000000000000000000000000000,000000000000000000000000000001,pulse_70/8C0224BF1A18B2F11FD5CAB912D3D2D6
000000000000000000000000000000,000000000000000000000000000001,pulse_70/80DE6715ADDDFFAAB2A82967E646FC7F
000000000000000000000000000000,000000000000000000000000000001,pulse_70/3BD147171B4A11E236D329BDCC37A394
000000000000000000000000000000,000000000000000000000000000001,pulse_70/A31A43E18B8C04B8C8540CC925E69026
000000000000000000000000000000,000000000000000000000000000001,pulse_70/738FA9F4263DEBD59C27A1F46FEB1CDF
000000000000000000000000000000,000000000000000000000000000001,pulse_70/05B9B844F6D8D29B9CD1E57AAD4BEC57
000000000000000000000000000000,000000000000000000000000000001,pulse_70/A6144129B53F2D98D102F1EA16D742C1
000000000000000000000000000000,000000000000000000000000000001,pulse_70/6406F2E5A8DC9D05C56D708720C487B3
000000000000000000000000000000,000000000000000000000000000001,pulse_70/EF350F11E2CB7E15E0293C068735CA6C
000000000000000000000000000000,000000000000000000000000000001,pulse_70/67A77B0DBC0BA4B63EC16E40F002B386
000000000000000000000000000000,000000000000000000000000000001,pulse_70/5CEC54E60FBC331AEFDCCCAEEACE3DC9
000000000000000000000000000000,000000000000000000000000000001,pulse_70/B0EC4B1522AE2832190CE8D858006174
000000000000000000000000000000,000000000000000000000000000001,pulse_70/11A15E273C1A20B87136DE85A5A81B87
000000000000000000000000000000,000000000000000000000000000001,pulse_70/64F85EA3D62627168950E50AA1C1C925
000000000000000000000000000000,000000000000000000000000000001,pulse_70/8BB748CDEB0AB07CD592A9053BDC9351
000000000000000000000000000000,000000000000000000000000000001,pulse_70/A72AC4DA6A51084F7960EB1971EA65B1
000000000000000000000000000000,000000000000000000000000000001,pulse_70/AD4B39C7CF1D38525E91774677509E81
000000000000000000000000000000,000000000000000000000000000001,pulse_70/59ABEEC402FDB7BE1C7648B931144547
000000000000000000000000000000,000000000000000000000000000001,pulse_70/ED64A5901FC011C23AB00E089C81505F
000000000000000000000000000000,000000000000000000000000000001,pulse_70/7EF52299A70F28B615EF619F402AA1B0
000000000000000000000000000000,000000000000000000000000000001,pulse_70/3168D053600ECCC1DB2EC37F5ED2DAA8
000000000000000000000000000000,000000000000000000000000000001,pulse_70/1108114DD8A951921A7B11935C648C61
000000000000000000000000000000,000000000000000000000000000001,pulse_70/FBDFE53B255AEFE45161CD5A69120F06
000000000000000000000000000000,000000000000000000000000000001,pulse_70/1781CF7E09FA26F34B440544BE96EC0A
000000000000000000000000000000,000000000000000000000000000001,pulse_70/8097CB0D916B326C8E8AADACCE6397DC
000000000000000000000000000000,000000000000000000000000000001,pulse_70/B10D7DED36660B66BE5DCD838CF50481
000000000000000000000000000000,000000000000000000000000000001,pulse_70/CAC276A3054612B611F1EA93A3699305
000000000000000000000000000000,000000000000000000000000000001,pulse_70/FF475A29FA9A79CC7BD8ABA38CFC4174
000000000000000000000000000000,000000000000000000000000000001,pulse_70/EA7C2FEE60711A9CB096E186DFCC2385
000000000000000000000000000000,000000000000000000000000000001,pulse_70/C72DBB61677CFCB29E9A8F55049A3492
000000000000000000000000000000,000000000000000000000000000001,pulse_70/D44F77089F33C65F11D3EB86867ECD1E
000000000000000000000000000000,000000000000000000000000000001,pulse_70/DF36958F78858865B4C8972FF08AD754
000000000000000000000000000000,000000000000000000000000000001,pulse_70/3B5D3C1CB56DF494E44BB6903ECCC827
000000000000000000000000000000,000000000000000000000000000001,pulse_70/3728B1E7238C70FB0A807A6D0F9693B6
000000000000000000000000000000,000000000000000000000000000001,pulse_70/0DCB4485EAD8B8BA4304DBD35F7A2B14
000000000000000000000000000000,000000000000000000000000000001,pulse_70/DEF095C7B2EC75DC1DB12906C945E3B3
000000000000000000000000000000,000000000000000000000000000001,pulse_70/17EF12ECDFA623FF205621E51C1EA97C
000000000000000000000000000000,000000000000000000000000000001,pulse_70/34B76F7BA4D13242CB2DEF467D3DA708
000000000000000000000000000000,000000000000000000000000000001,pulse_70/2F95DDFCD8D9F49C3F914F97565594A7
000000000000000000000000000000,000000000000000000000000000001,pulse_70/6B9DFC313A9AF58A4931C27150F75538
000000000000000000000000000000,000000000000000000000000000001,pulse_70/7CE2043E1B4C545EEFD1F646322F4DD7
000000000000000000000000000000,000000000000000000000000000001,pulse_70/621DF438CBB4388C8CB15E544E0BA87D
000000000000000000000000000000,000000000000000000000000000001,pulse_70/6673F2BD2B53E85CB1BCA781B9194AB2
000000000000000000000000000000,000000000000000000000000000001,pulse_70/D62C67554337406B39F23356E68B023B
000000000000000000000000000000,000000000000000000000000000001,pulse_70/20B0C77E6200AD6FE011E7B2218D9EA0
000000000000000000000000000000,000000000000000000000000000001,pulse_70/4C7FA327C7B9296BC63177FBD97704E2
000000000000000000000000000000,000000000000000000000000000001,pulse_70/BB4448FD6D781B7AAFFC7D7346537F8B
000000000000000000000000000000,000000000000000000000000000001,pulse_70/BBB884B63DD06F83D26D003B04D28126
000000000000000000000000000000,000000000000000000000000000001,pulse_70/3D4CE1DD7A2BDDABD9E2ADE0374214A5
000000000000000000000000000000,000000000000000000000000000001,pulse_70/CE887927AC3F0ECF6382C4B9FC2B0DDA
000000000000000000000000000000,000000000000000000000000000001,pulse_70/097CA95CEDB38797306F4912C23A3D37
000000000000000000000000000000,000000000000000000000000000001,pulse_70/20D0A8529A7C387D7905FB24B943E4DC
000000000000000000000000000000,000000000000000000000000000001,pulse_70/21639B2EA44FB9B53E84A22E79412B01
000000000000000000000000000000,000000000000000000000000000001,pulse_70/33898B1381CCE38FE4DAF1AB8660C421
000000000000000000000000000000,000000000000000000000000000001,pulse_70/3D3FA846F0C9FDE979C5A27D9F42D216
000000000000000000000000000000,000000000000000000000000000001,pulse_70/CE30225641A815B2168E626875B6A86C
000000000000000000000000000000,000000000000000000000000000001,pulse_70/400D9C3D30F8B52EAC9D358636FF4D3A
000000000000000000000000000000,000000000000000000000000000001,pulse_70/33BE2FA406B704982003E44B41C66F53
000000000000000000000000000000,000000000000000000000000000001,pulse_70/35EE83BC8C21CF6FBDEEE5E9CDA78AAD
000000000000000000000000000000,000000000000000000000000000001,pulse_70/4AE16A8578596B087ABE0852572C25EC
000000000000000000000000000000,000000000000000000000000000001,pulse_70/7D21043EBD828A13495FC09E6474D522
000000000000000000000000000000,000000000000000000000000000001,pulse_70/FE30E037F963D1E8EFEBB4543A6F127D
000000000000000000000000000000,000000000000000000000000000001,pulse_70/7948DCFAE5CEC3AE05065394A64F75E9
000000000000000000000000000000,000000000000000000000000000001,pulse_70/7A76251CF71BE6E05BC93E2CC332D35D
000000000000000000000000000000,000000000000000000000000000001,pulse_70/DEB8A5CEEA10B0FA59A17C68563A7325
000000000000000000000000000000,000000000000000000000000000001,pulse_70/C0E49A856EC1E8C9FE3B99DA4E65F416
000000000000000000000000000000,000000000000000000000000000001,pulse_70/447694F9BF5E58FD41B3B5822ACAB274
000000000000000000000000000000,000000000000000000000000000001,pulse_70/1164D91AD1253E8B9708ABF17A9B6577
000000000000000000000000000000,000000000000000000000000000001,pulse_70/57D2075B87C61FED7935B05C80CFD40B
000000000000000000000000000000,000000000000000000000000000001,pulse_70/9333FF8B7D78315730F4CA03321029A4
000000000000000000000000000000,000000000000000000000000000001,pulse_70/F8CE1B02A2EFC77A27560723E0AB2ACE
000000000000000000000000000000,000000000000000000000000000001,pulse_70/6B2F9EB4B26A40DCBAC279CA77CD5959
000000000000000000000000000000,000000000000000000000000000001,pulse_70/6A1F37620B6D07ECA5CDFF2A5349DFB5
000000000000000000000000100000,000000000000000000000000000001,pulse_70/5CCB7B9BF88A23908A39D35A99A60A09
000000000000000000000000100000,000000000000000000000000000001,pulse_70/6FB07A3ED595823CB335D8C196615751
000000000000000000000000100000,000000000000000000000000000001,pulse_70/1364342BC29C308349ED22648C454689
000000000000000000000000000000,000000000000000000000000000001,pulse_70/4A45D36DEA24CD5ED90206D829A7DA7D
000000000000000000000000000000,000000000000000000000000000001,pulse_70/E224D8E2513E0EA22954DFD91A0EDA84
000000000000000000000000000000,000000000000000000000000000001,pulse_70/2888B3E34E8602A0AC5D208AD99094F4
000000000000000000000000000000,000000000000000000000000000001,pulse_70/D9F7DE959FAC0A1B2904CB5875C3999A
000000000000000000000000000000,000000000000000000000000000001,pulse_70/04033140F2AF32057B0BD8D9990FB29C
000000000000000000000000000000,000000000000000000000000000001,pulse_70/DEA32DF4E8332A244804B80699C0A2DD
000000000000000000000000000000,000000000000000000000000000001,pulse_70/118AC8714336BCB6C11A219F869CECDF
000000000000000000000000000000,000000000000000000000000000001,pulse_70/1B356CC5C3E0B135ABEF30246C5E5D52
